"Series.ID","Year","Period","Label","unemployment_rate","Month","unemp_criteria"
"LNS14000000",1999,"M04","1999 Apr",4.3,"Apr","Achieved"
"LNS14000000",1999,"M08","1999 Aug",4.2,"Aug","Achieved"
"LNS14000000",1999,"M12","1999 Dec",4,"Dec","Achieved"
"LNS14000000",1999,"M02","1999 Feb",4.4,"Feb","Achieved"
"LNS14000000",1999,"M01","1999 Jan",4.3,"Jan","Achieved"
"LNS14000000",1999,"M07","1999 Jul",4.3,"Jul","Achieved"
"LNS14000000",1999,"M06","1999 Jun",4.3,"Jun","Achieved"
"LNS14000000",1999,"M03","1999 Mar",4.2,"Mar","Achieved"
"LNS14000000",1999,"M05","1999 May",4.2,"May","Achieved"
"LNS14000000",1999,"M11","1999 Nov",4.1,"Nov","Achieved"
"LNS14000000",1999,"M10","1999 Oct",4.1,"Oct","Achieved"
"LNS14000000",1999,"M09","1999 Sep",4.2,"Sep","Achieved"
"LNS14000000",2000,"M04","2000 Apr",3.8,"Apr","Achieved"
"LNS14000000",2000,"M08","2000 Aug",4.1,"Aug","Achieved"
"LNS14000000",2000,"M12","2000 Dec",3.9,"Dec","Achieved"
"LNS14000000",2000,"M02","2000 Feb",4.1,"Feb","Achieved"
"LNS14000000",2000,"M01","2000 Jan",4,"Jan","Achieved"
"LNS14000000",2000,"M07","2000 Jul",4,"Jul","Achieved"
"LNS14000000",2000,"M06","2000 Jun",4,"Jun","Achieved"
"LNS14000000",2000,"M03","2000 Mar",4,"Mar","Achieved"
"LNS14000000",2000,"M05","2000 May",4,"May","Achieved"
"LNS14000000",2000,"M11","2000 Nov",3.9,"Nov","Achieved"
"LNS14000000",2000,"M10","2000 Oct",3.9,"Oct","Achieved"
"LNS14000000",2000,"M09","2000 Sep",3.9,"Sep","Achieved"
"LNS14000000",2001,"M04","2001 Apr",4.4,"Apr","Achieved"
"LNS14000000",2001,"M08","2001 Aug",4.9,"Aug","Achieved"
"LNS14000000",2001,"M12","2001 Dec",5.7,"Dec","Achieved"
"LNS14000000",2001,"M02","2001 Feb",4.2,"Feb","Achieved"
"LNS14000000",2001,"M01","2001 Jan",4.2,"Jan","Achieved"
"LNS14000000",2001,"M07","2001 Jul",4.6,"Jul","Achieved"
"LNS14000000",2001,"M06","2001 Jun",4.5,"Jun","Achieved"
"LNS14000000",2001,"M03","2001 Mar",4.3,"Mar","Achieved"
"LNS14000000",2001,"M05","2001 May",4.3,"May","Achieved"
"LNS14000000",2001,"M11","2001 Nov",5.5,"Nov","Achieved"
"LNS14000000",2001,"M10","2001 Oct",5.3,"Oct","Achieved"
"LNS14000000",2001,"M09","2001 Sep",5,"Sep","Achieved"
"LNS14000000",2002,"M04","2002 Apr",5.9,"Apr","Achieved"
"LNS14000000",2002,"M08","2002 Aug",5.7,"Aug","Achieved"
"LNS14000000",2002,"M12","2002 Dec",6,"Dec","Achieved"
"LNS14000000",2002,"M02","2002 Feb",5.7,"Feb","Achieved"
"LNS14000000",2002,"M01","2002 Jan",5.7,"Jan","Achieved"
"LNS14000000",2002,"M07","2002 Jul",5.8,"Jul","Achieved"
"LNS14000000",2002,"M06","2002 Jun",5.8,"Jun","Achieved"
"LNS14000000",2002,"M03","2002 Mar",5.7,"Mar","Achieved"
"LNS14000000",2002,"M05","2002 May",5.8,"May","Achieved"
"LNS14000000",2002,"M11","2002 Nov",5.9,"Nov","Achieved"
"LNS14000000",2002,"M10","2002 Oct",5.7,"Oct","Achieved"
"LNS14000000",2002,"M09","2002 Sep",5.7,"Sep","Achieved"
"LNS14000000",2003,"M04","2003 Apr",6,"Apr","Achieved"
"LNS14000000",2003,"M08","2003 Aug",6.1,"Aug","Not Achieved"
"LNS14000000",2003,"M12","2003 Dec",5.7,"Dec","Achieved"
"LNS14000000",2003,"M02","2003 Feb",5.9,"Feb","Achieved"
"LNS14000000",2003,"M01","2003 Jan",5.8,"Jan","Achieved"
"LNS14000000",2003,"M07","2003 Jul",6.2,"Jul","Not Achieved"
"LNS14000000",2003,"M06","2003 Jun",6.3,"Jun","Not Achieved"
"LNS14000000",2003,"M03","2003 Mar",5.9,"Mar","Achieved"
"LNS14000000",2003,"M05","2003 May",6.1,"May","Not Achieved"
"LNS14000000",2003,"M11","2003 Nov",5.8,"Nov","Achieved"
"LNS14000000",2003,"M10","2003 Oct",6,"Oct","Achieved"
"LNS14000000",2003,"M09","2003 Sep",6.1,"Sep","Not Achieved"
"LNS14000000",2004,"M04","2004 Apr",5.6,"Apr","Achieved"
"LNS14000000",2004,"M08","2004 Aug",5.4,"Aug","Achieved"
"LNS14000000",2004,"M12","2004 Dec",5.4,"Dec","Achieved"
"LNS14000000",2004,"M02","2004 Feb",5.6,"Feb","Achieved"
"LNS14000000",2004,"M01","2004 Jan",5.7,"Jan","Achieved"
"LNS14000000",2004,"M07","2004 Jul",5.5,"Jul","Achieved"
"LNS14000000",2004,"M06","2004 Jun",5.6,"Jun","Achieved"
"LNS14000000",2004,"M03","2004 Mar",5.8,"Mar","Achieved"
"LNS14000000",2004,"M05","2004 May",5.6,"May","Achieved"
"LNS14000000",2004,"M11","2004 Nov",5.4,"Nov","Achieved"
"LNS14000000",2004,"M10","2004 Oct",5.5,"Oct","Achieved"
"LNS14000000",2004,"M09","2004 Sep",5.4,"Sep","Achieved"
"LNS14000000",2005,"M04","2005 Apr",5.2,"Apr","Achieved"
"LNS14000000",2005,"M08","2005 Aug",4.9,"Aug","Achieved"
"LNS14000000",2005,"M12","2005 Dec",4.9,"Dec","Achieved"
"LNS14000000",2005,"M02","2005 Feb",5.4,"Feb","Achieved"
"LNS14000000",2005,"M01","2005 Jan",5.3,"Jan","Achieved"
"LNS14000000",2005,"M07","2005 Jul",5,"Jul","Achieved"
"LNS14000000",2005,"M06","2005 Jun",5,"Jun","Achieved"
"LNS14000000",2005,"M03","2005 Mar",5.2,"Mar","Achieved"
"LNS14000000",2005,"M05","2005 May",5.1,"May","Achieved"
"LNS14000000",2005,"M11","2005 Nov",5,"Nov","Achieved"
"LNS14000000",2005,"M10","2005 Oct",5,"Oct","Achieved"
"LNS14000000",2005,"M09","2005 Sep",5,"Sep","Achieved"
"LNS14000000",2006,"M04","2006 Apr",4.7,"Apr","Achieved"
"LNS14000000",2006,"M08","2006 Aug",4.7,"Aug","Achieved"
"LNS14000000",2006,"M12","2006 Dec",4.4,"Dec","Achieved"
"LNS14000000",2006,"M02","2006 Feb",4.8,"Feb","Achieved"
"LNS14000000",2006,"M01","2006 Jan",4.7,"Jan","Achieved"
"LNS14000000",2006,"M07","2006 Jul",4.7,"Jul","Achieved"
"LNS14000000",2006,"M06","2006 Jun",4.6,"Jun","Achieved"
"LNS14000000",2006,"M03","2006 Mar",4.7,"Mar","Achieved"
"LNS14000000",2006,"M05","2006 May",4.6,"May","Achieved"
"LNS14000000",2006,"M11","2006 Nov",4.5,"Nov","Achieved"
"LNS14000000",2006,"M10","2006 Oct",4.4,"Oct","Achieved"
"LNS14000000",2006,"M09","2006 Sep",4.5,"Sep","Achieved"
"LNS14000000",2007,"M04","2007 Apr",4.5,"Apr","Achieved"
"LNS14000000",2007,"M08","2007 Aug",4.6,"Aug","Achieved"
"LNS14000000",2007,"M12","2007 Dec",5,"Dec","Achieved"
"LNS14000000",2007,"M02","2007 Feb",4.5,"Feb","Achieved"
"LNS14000000",2007,"M01","2007 Jan",4.6,"Jan","Achieved"
"LNS14000000",2007,"M07","2007 Jul",4.7,"Jul","Achieved"
"LNS14000000",2007,"M06","2007 Jun",4.6,"Jun","Achieved"
"LNS14000000",2007,"M03","2007 Mar",4.4,"Mar","Achieved"
"LNS14000000",2007,"M05","2007 May",4.4,"May","Achieved"
"LNS14000000",2007,"M11","2007 Nov",4.7,"Nov","Achieved"
"LNS14000000",2007,"M10","2007 Oct",4.7,"Oct","Achieved"
"LNS14000000",2007,"M09","2007 Sep",4.7,"Sep","Achieved"
"LNS14000000",2008,"M04","2008 Apr",5,"Apr","Achieved"
"LNS14000000",2008,"M08","2008 Aug",6.1,"Aug","Not Achieved"
"LNS14000000",2008,"M12","2008 Dec",7.3,"Dec","Not Achieved"
"LNS14000000",2008,"M02","2008 Feb",4.9,"Feb","Achieved"
"LNS14000000",2008,"M01","2008 Jan",5,"Jan","Achieved"
"LNS14000000",2008,"M07","2008 Jul",5.8,"Jul","Achieved"
"LNS14000000",2008,"M06","2008 Jun",5.6,"Jun","Achieved"
"LNS14000000",2008,"M03","2008 Mar",5.1,"Mar","Achieved"
"LNS14000000",2008,"M05","2008 May",5.4,"May","Achieved"
"LNS14000000",2008,"M11","2008 Nov",6.8,"Nov","Not Achieved"
"LNS14000000",2008,"M10","2008 Oct",6.5,"Oct","Not Achieved"
"LNS14000000",2008,"M09","2008 Sep",6.1,"Sep","Not Achieved"
"LNS14000000",2009,"M04","2009 Apr",9,"Apr","Not Achieved"
"LNS14000000",2009,"M08","2009 Aug",9.6,"Aug","Not Achieved"
"LNS14000000",2009,"M12","2009 Dec",9.9,"Dec","Not Achieved"
"LNS14000000",2009,"M02","2009 Feb",8.3,"Feb","Not Achieved"
"LNS14000000",2009,"M01","2009 Jan",7.8,"Jan","Not Achieved"
"LNS14000000",2009,"M07","2009 Jul",9.5,"Jul","Not Achieved"
"LNS14000000",2009,"M06","2009 Jun",9.5,"Jun","Not Achieved"
"LNS14000000",2009,"M03","2009 Mar",8.7,"Mar","Not Achieved"
"LNS14000000",2009,"M05","2009 May",9.4,"May","Not Achieved"
"LNS14000000",2009,"M11","2009 Nov",9.9,"Nov","Not Achieved"
"LNS14000000",2009,"M10","2009 Oct",10,"Oct","Not Achieved"
"LNS14000000",2009,"M09","2009 Sep",9.8,"Sep","Not Achieved"
"LNS14000000",2010,"M04","2010 Apr",9.9,"Apr","Not Achieved"
"LNS14000000",2010,"M08","2010 Aug",9.5,"Aug","Not Achieved"
"LNS14000000",2010,"M12","2010 Dec",9.3,"Dec","Not Achieved"
"LNS14000000",2010,"M02","2010 Feb",9.8,"Feb","Not Achieved"
"LNS14000000",2010,"M01","2010 Jan",9.8,"Jan","Not Achieved"
"LNS14000000",2010,"M07","2010 Jul",9.4,"Jul","Not Achieved"
"LNS14000000",2010,"M06","2010 Jun",9.4,"Jun","Not Achieved"
"LNS14000000",2010,"M03","2010 Mar",9.9,"Mar","Not Achieved"
"LNS14000000",2010,"M05","2010 May",9.6,"May","Not Achieved"
"LNS14000000",2010,"M11","2010 Nov",9.8,"Nov","Not Achieved"
"LNS14000000",2010,"M10","2010 Oct",9.4,"Oct","Not Achieved"
"LNS14000000",2010,"M09","2010 Sep",9.5,"Sep","Not Achieved"
"LNS14000000",2011,"M04","2011 Apr",9.1,"Apr","Not Achieved"
"LNS14000000",2011,"M08","2011 Aug",9,"Aug","Not Achieved"
"LNS14000000",2011,"M12","2011 Dec",8.5,"Dec","Not Achieved"
"LNS14000000",2011,"M02","2011 Feb",9,"Feb","Not Achieved"
"LNS14000000",2011,"M01","2011 Jan",9.1,"Jan","Not Achieved"
"LNS14000000",2011,"M07","2011 Jul",9,"Jul","Not Achieved"
"LNS14000000",2011,"M06","2011 Jun",9.1,"Jun","Not Achieved"
"LNS14000000",2011,"M03","2011 Mar",9,"Mar","Not Achieved"
"LNS14000000",2011,"M05","2011 May",9,"May","Not Achieved"
"LNS14000000",2011,"M11","2011 Nov",8.6,"Nov","Not Achieved"
"LNS14000000",2011,"M10","2011 Oct",8.8,"Oct","Not Achieved"
"LNS14000000",2011,"M09","2011 Sep",9,"Sep","Not Achieved"
"LNS14000000",2012,"M04","2012 Apr",8.2,"Apr","Not Achieved"
"LNS14000000",2012,"M08","2012 Aug",8.1,"Aug","Not Achieved"
"LNS14000000",2012,"M12","2012 Dec",7.9,"Dec","Not Achieved"
"LNS14000000",2012,"M02","2012 Feb",8.3,"Feb","Not Achieved"
"LNS14000000",2012,"M01","2012 Jan",8.3,"Jan","Not Achieved"
"LNS14000000",2012,"M07","2012 Jul",8.2,"Jul","Not Achieved"
"LNS14000000",2012,"M06","2012 Jun",8.2,"Jun","Not Achieved"
"LNS14000000",2012,"M03","2012 Mar",8.2,"Mar","Not Achieved"
"LNS14000000",2012,"M05","2012 May",8.2,"May","Not Achieved"
"LNS14000000",2012,"M11","2012 Nov",7.7,"Nov","Not Achieved"
"LNS14000000",2012,"M10","2012 Oct",7.8,"Oct","Not Achieved"
"LNS14000000",2012,"M09","2012 Sep",7.8,"Sep","Not Achieved"
"LNS14000000",2013,"M04","2013 Apr",7.6,"Apr","Not Achieved"
"LNS14000000",2013,"M08","2013 Aug",7.2,"Aug","Not Achieved"
"LNS14000000",2013,"M12","2013 Dec",6.7,"Dec","Not Achieved"
"LNS14000000",2013,"M02","2013 Feb",7.7,"Feb","Not Achieved"
"LNS14000000",2013,"M01","2013 Jan",8,"Jan","Not Achieved"
"LNS14000000",2013,"M07","2013 Jul",7.3,"Jul","Not Achieved"
"LNS14000000",2013,"M06","2013 Jun",7.5,"Jun","Not Achieved"
"LNS14000000",2013,"M03","2013 Mar",7.5,"Mar","Not Achieved"
"LNS14000000",2013,"M05","2013 May",7.5,"May","Not Achieved"
"LNS14000000",2013,"M11","2013 Nov",6.9,"Nov","Not Achieved"
"LNS14000000",2013,"M10","2013 Oct",7.2,"Oct","Not Achieved"
"LNS14000000",2013,"M09","2013 Sep",7.2,"Sep","Not Achieved"
"LNS14000000",2014,"M04","2014 Apr",6.2,"Apr","Not Achieved"
"LNS14000000",2014,"M08","2014 Aug",6.1,"Aug","Not Achieved"
"LNS14000000",2014,"M12","2014 Dec",5.6,"Dec","Achieved"
"LNS14000000",2014,"M02","2014 Feb",6.7,"Feb","Not Achieved"
"LNS14000000",2014,"M01","2014 Jan",6.6,"Jan","Not Achieved"
"LNS14000000",2014,"M07","2014 Jul",6.2,"Jul","Not Achieved"
"LNS14000000",2014,"M06","2014 Jun",6.1,"Jun","Not Achieved"
"LNS14000000",2014,"M03","2014 Mar",6.7,"Mar","Not Achieved"
"LNS14000000",2014,"M05","2014 May",6.3,"May","Not Achieved"
"LNS14000000",2014,"M11","2014 Nov",5.8,"Nov","Achieved"
"LNS14000000",2014,"M10","2014 Oct",5.7,"Oct","Achieved"
"LNS14000000",2014,"M09","2014 Sep",5.9,"Sep","Achieved"
"LNS14000000",2015,"M04","2015 Apr",5.4,"Apr","Achieved"
"LNS14000000",2015,"M08","2015 Aug",5.1,"Aug","Achieved"
"LNS14000000",2015,"M12","2015 Dec",5,"Dec","Achieved"
"LNS14000000",2015,"M02","2015 Feb",5.5,"Feb","Achieved"
"LNS14000000",2015,"M01","2015 Jan",5.7,"Jan","Achieved"
"LNS14000000",2015,"M07","2015 Jul",5.2,"Jul","Achieved"
"LNS14000000",2015,"M06","2015 Jun",5.3,"Jun","Achieved"
"LNS14000000",2015,"M03","2015 Mar",5.4,"Mar","Achieved"
"LNS14000000",2015,"M05","2015 May",5.6,"May","Achieved"
"LNS14000000",2015,"M11","2015 Nov",5.1,"Nov","Achieved"
"LNS14000000",2015,"M10","2015 Oct",5,"Oct","Achieved"
"LNS14000000",2015,"M09","2015 Sep",5,"Sep","Achieved"
"LNS14000000",2016,"M04","2016 Apr",5.1,"Apr","Achieved"
"LNS14000000",2016,"M08","2016 Aug",4.9,"Aug","Achieved"
"LNS14000000",2016,"M12","2016 Dec",4.7,"Dec","Achieved"
"LNS14000000",2016,"M02","2016 Feb",4.9,"Feb","Achieved"
"LNS14000000",2016,"M01","2016 Jan",4.8,"Jan","Achieved"
"LNS14000000",2016,"M07","2016 Jul",4.8,"Jul","Achieved"
"LNS14000000",2016,"M06","2016 Jun",4.9,"Jun","Achieved"
"LNS14000000",2016,"M03","2016 Mar",5,"Mar","Achieved"
"LNS14000000",2016,"M05","2016 May",4.8,"May","Achieved"
"LNS14000000",2016,"M11","2016 Nov",4.7,"Nov","Achieved"
"LNS14000000",2016,"M10","2016 Oct",4.9,"Oct","Achieved"
"LNS14000000",2016,"M09","2016 Sep",5,"Sep","Achieved"
"LNS14000000",2017,"M04","2017 Apr",4.4,"Apr","Achieved"
"LNS14000000",2017,"M08","2017 Aug",4.4,"Aug","Achieved"
"LNS14000000",2017,"M12","2017 Dec",4.1,"Dec","Achieved"
"LNS14000000",2017,"M02","2017 Feb",4.6,"Feb","Achieved"
"LNS14000000",2017,"M01","2017 Jan",4.7,"Jan","Achieved"
"LNS14000000",2017,"M07","2017 Jul",4.3,"Jul","Achieved"
"LNS14000000",2017,"M06","2017 Jun",4.3,"Jun","Achieved"
"LNS14000000",2017,"M03","2017 Mar",4.4,"Mar","Achieved"
"LNS14000000",2017,"M05","2017 May",4.4,"May","Achieved"
"LNS14000000",2017,"M11","2017 Nov",4.2,"Nov","Achieved"
"LNS14000000",2017,"M10","2017 Oct",4.2,"Oct","Achieved"
"LNS14000000",2017,"M09","2017 Sep",4.3,"Sep","Achieved"
"LNS14000000",2018,"M04","2018 Apr",4,"Apr","Achieved"
"LNS14000000",2018,"M08","2018 Aug",3.8,"Aug","Achieved"
"LNS14000000",2018,"M12","2018 Dec",3.9,"Dec","Achieved"
"LNS14000000",2018,"M02","2018 Feb",4.1,"Feb","Achieved"
"LNS14000000",2018,"M01","2018 Jan",4,"Jan","Achieved"
"LNS14000000",2018,"M07","2018 Jul",3.8,"Jul","Achieved"
"LNS14000000",2018,"M06","2018 Jun",4,"Jun","Achieved"
"LNS14000000",2018,"M03","2018 Mar",4,"Mar","Achieved"
"LNS14000000",2018,"M05","2018 May",3.8,"May","Achieved"
"LNS14000000",2018,"M11","2018 Nov",3.8,"Nov","Achieved"
"LNS14000000",2018,"M10","2018 Oct",3.8,"Oct","Achieved"
"LNS14000000",2018,"M09","2018 Sep",3.7,"Sep","Achieved"
"LNS14000000",2019,"M04","2019 Apr",3.7,"Apr","Achieved"
"LNS14000000",2019,"M08","2019 Aug",3.6,"Aug","Achieved"
"LNS14000000",2019,"M12","2019 Dec",3.6,"Dec","Achieved"
"LNS14000000",2019,"M02","2019 Feb",3.8,"Feb","Achieved"
"LNS14000000",2019,"M01","2019 Jan",4,"Jan","Achieved"
"LNS14000000",2019,"M07","2019 Jul",3.7,"Jul","Achieved"
"LNS14000000",2019,"M06","2019 Jun",3.6,"Jun","Achieved"
"LNS14000000",2019,"M03","2019 Mar",3.8,"Mar","Achieved"
"LNS14000000",2019,"M05","2019 May",3.6,"May","Achieved"
"LNS14000000",2019,"M11","2019 Nov",3.6,"Nov","Achieved"
"LNS14000000",2019,"M10","2019 Oct",3.6,"Oct","Achieved"
"LNS14000000",2019,"M09","2019 Sep",3.5,"Sep","Achieved"
"LNS14000000",2020,"M04","2020 Apr",14.8,"Apr","Not Achieved"
"LNS14000000",2020,"M08","2020 Aug",8.4,"Aug","Not Achieved"
"LNS14000000",2020,"M12","2020 Dec",6.7,"Dec","Not Achieved"
"LNS14000000",2020,"M02","2020 Feb",3.5,"Feb","Achieved"
"LNS14000000",2020,"M01","2020 Jan",3.6,"Jan","Achieved"
"LNS14000000",2020,"M07","2020 Jul",10.2,"Jul","Not Achieved"
"LNS14000000",2020,"M06","2020 Jun",11,"Jun","Not Achieved"
"LNS14000000",2020,"M03","2020 Mar",4.4,"Mar","Achieved"
"LNS14000000",2020,"M05","2020 May",13.2,"May","Not Achieved"
"LNS14000000",2020,"M11","2020 Nov",6.7,"Nov","Not Achieved"
"LNS14000000",2020,"M10","2020 Oct",6.9,"Oct","Not Achieved"
"LNS14000000",2020,"M09","2020 Sep",7.8,"Sep","Not Achieved"
"LNS14000000",2021,"M04","2021 Apr",6.1,"Apr","Not Achieved"
"LNS14000000",2021,"M08","2021 Aug",5.1,"Aug","Achieved"
"LNS14000000",2021,"M12","2021 Dec",3.9,"Dec","Achieved"
"LNS14000000",2021,"M02","2021 Feb",6.2,"Feb","Not Achieved"
"LNS14000000",2021,"M01","2021 Jan",6.4,"Jan","Not Achieved"
"LNS14000000",2021,"M07","2021 Jul",5.4,"Jul","Achieved"
"LNS14000000",2021,"M06","2021 Jun",5.9,"Jun","Achieved"
"LNS14000000",2021,"M03","2021 Mar",6.1,"Mar","Not Achieved"
"LNS14000000",2021,"M05","2021 May",5.8,"May","Achieved"
"LNS14000000",2021,"M11","2021 Nov",4.2,"Nov","Achieved"
"LNS14000000",2021,"M10","2021 Oct",4.5,"Oct","Achieved"
"LNS14000000",2021,"M09","2021 Sep",4.7,"Sep","Achieved"
"LNS14000000",2022,"M04","2022 Apr",3.7,"Apr","Achieved"
"LNS14000000",2022,"M08","2022 Aug",3.6,"Aug","Achieved"
"LNS14000000",2022,"M12","2022 Dec",3.5,"Dec","Achieved"
"LNS14000000",2022,"M02","2022 Feb",3.8,"Feb","Achieved"
"LNS14000000",2022,"M01","2022 Jan",4,"Jan","Achieved"
"LNS14000000",2022,"M07","2022 Jul",3.5,"Jul","Achieved"
"LNS14000000",2022,"M06","2022 Jun",3.6,"Jun","Achieved"
"LNS14000000",2022,"M03","2022 Mar",3.7,"Mar","Achieved"
"LNS14000000",2022,"M05","2022 May",3.6,"May","Achieved"
"LNS14000000",2022,"M11","2022 Nov",3.6,"Nov","Achieved"
"LNS14000000",2022,"M10","2022 Oct",3.6,"Oct","Achieved"
"LNS14000000",2022,"M09","2022 Sep",3.5,"Sep","Achieved"
"LNS14000000",2023,"M04","2023 Apr",3.4,"Apr","Achieved"
"LNS14000000",2023,"M08","2023 Aug",3.7,"Aug","Achieved"
"LNS14000000",2023,"M12","2023 Dec",3.8,"Dec","Achieved"
"LNS14000000",2023,"M02","2023 Feb",3.6,"Feb","Achieved"
"LNS14000000",2023,"M01","2023 Jan",3.5,"Jan","Achieved"
"LNS14000000",2023,"M07","2023 Jul",3.5,"Jul","Achieved"
"LNS14000000",2023,"M06","2023 Jun",3.6,"Jun","Achieved"
"LNS14000000",2023,"M03","2023 Mar",3.5,"Mar","Achieved"
"LNS14000000",2023,"M05","2023 May",3.6,"May","Achieved"
"LNS14000000",2023,"M11","2023 Nov",3.7,"Nov","Achieved"
"LNS14000000",2023,"M10","2023 Oct",3.9,"Oct","Achieved"
"LNS14000000",2023,"M09","2023 Sep",3.8,"Sep","Achieved"
"LNS14000000",2024,"M04","2024 Apr",3.9,"Apr","Achieved"
"LNS14000000",2024,"M08","2024 Aug",4.2,"Aug","Achieved"
"LNS14000000",2024,"M12","2024 Dec",4.1,"Dec","Achieved"
"LNS14000000",2024,"M02","2024 Feb",3.9,"Feb","Achieved"
"LNS14000000",2024,"M01","2024 Jan",3.7,"Jan","Achieved"
"LNS14000000",2024,"M07","2024 Jul",4.2,"Jul","Achieved"
"LNS14000000",2024,"M06","2024 Jun",4.1,"Jun","Achieved"
"LNS14000000",2024,"M03","2024 Mar",3.9,"Mar","Achieved"
"LNS14000000",2024,"M05","2024 May",4,"May","Achieved"
"LNS14000000",2024,"M11","2024 Nov",4.2,"Nov","Achieved"
"LNS14000000",2024,"M10","2024 Oct",4.1,"Oct","Achieved"
"LNS14000000",2024,"M09","2024 Sep",4.1,"Sep","Achieved"
"LNS14000000",2025,"M01","2025 Jan",4,"Jan","Achieved"
